{"accuracy": 0.9252738111742687, "precision": 0.8827930174563591, "recall": 0.7273972602739726, "f1_score": 0.7975966954562523}